{"cameraMode":{"drawMode":0,"name":"Shaded","section":"Shading Mode"},"sceneLighting":true,"audioPlay":false,"sceneViewState":{"m_AlwaysRefresh":false,"showFog":true,"showSkybox":true,"showFlares":true,"showImageEffects":true,"showParticleSystems":true,"showVisualEffectGraphs":true,"m_FxEnabled":true},"in2DMode":false,"pivot":{"x":62.344505310058597,"y":3.172727108001709,"z":-4.983023643493652},"rotation":{"x":0.005987127777189016,"y":0.06445480138063431,"z":-0.0003942664770875126,"w":0.9979202747344971},"size":9.526644706726075,"orthographic":false}